{
    "author": {
        "addNewAuthor": "添加新作者",
        "author": "作者",
        "authorDataParsingErrorMessage": "解析此 ID 的作者数据时出错：",
        "authorHasBeenUpdated": "作者已更新",
        "authorLink": "作者链接",
        "authorName": "作者名称",
        "authorNameCannotBeEmptyErrorMessage": "作者姓名不能为空。 请输入姓名",
        "authorNameInUseErrorMessage": "提供的作者姓名已被使用。 请尝试其他名称。",
        "authorNameSimilarInUseErrorMessage": "提供的作者姓名正在使用中； 作者姓名不区分大小写。 请尝试其他名称。",
        "authorPage": "作者页面",
        "authorSlugCannotBeEmpty": "作者别名（slug）不能为空",
        "avatar": "作者",
        "avatarAndFeaturedImage": "头像和特色图片",
        "cannotRemoveMainAuthor": "无法删除主要作者。",
        "changePostAuthor": "更改帖子作者",
        "editAuthor": "编辑作者",
        "eMail": "邮箱",
        "filterOrSearchAuthors": "过滤或搜索作者...",
        "gravatarEmailWarningMessage": "输入您在 Gravatar 上注册帐户时使用的电子邮件地址。",
        "mainAuthor": "主要作者",
        "mainAuthorCannotBeRemoved": "这是本网站的主要作者。 它不能被删除。",
        "newAuthorHasBeenCreated": "新作者已创建",
        "noAuthorsMatchingYourCriteria": "没有符合您条件的作者。",
        "removeAuthorsMessage": "您真的要删除选定的作者吗？",
        "removeAuthorsSuccessMessage": "选定的作者已被删除",
        "saveAndPreviewNotAvailableDueToNoSupportForAuthorPagesInTheme": "保存和预览 - 选项不可用，因为您的主题不支持作者页面。",
        "selectAuthor": "选择作者",
        "selectAuthorPage": "选择作者页面",
        "themeDoesNotSupportFeaturedImagesForAuthors": "您的主题不支持作者的特色图片",
        "toUseThisOptionEnableIndexingAuthorPages": "要使用此选项，请首先在 SEO 设置中启用作者页面的索引。",
        "useGravatarMessage": "使用 <a href=\"https://gravatar.com/\" target=\"_blank\" rel=\"noopener noreferrer\">Gravatar </a> 设置您的作者头像",
        "useGravatarServiceMessage": "为了使用 Gravatar 服务，请先提供作者的电子邮箱。",
        "website": "网站"
    },
    "core": {
        "archive": {
            "errorDuringCreatingTAR": "TAR 归档创建期间发生错误。 请再试一次。",
            "errorDuringCreatingZIP": "ZIP 存档创建期间发生错误。 请再试一次。"
        },
        "backup": {
            "destinationDirectoryDoesNotExists": "目标目录不存在",
            "errorDuringFileSaveProcess": "文件保存过程中发生错误",
            "errorDuringReadingBackupFile": "读取备份文件时出错",
            "fileDoesNotExists": "备份文件不存在",
            "fileIsCorrupted": "备份文件已损坏 - 中止恢复过程。",
            "locationDoesNotExists": "备份位置不存在",
            "temporaryDirectoryDoesNotExists": "临时目录不存在"
        },
        "credits": {
            "errorLoadingLicenseMsg": "加载许可证时出错。 请再试一次。"
        },
        "images": {
            "responsiveImagesDisabled": "响应式图像在网站设置下被禁用 - 所有响应式图像已被删除。"
        },
        "rendering": {
            "renderingProcessCrashed": "渲染过程崩溃",
            "renderingProcessCrashedMsg": "有关更多信息，请查看 Tools -> Log viewer 下的 rendering-errors.log 和 rendering-process.log 文件。",
            "renderingProcessFiled": "渲染过程失败"
        },
        "server": {
            "branchDoesNotExist": "选中的分支不存在。",
            "creatingNewRemoteFilesTree": "正在创建新的远程文件树...",
            "finishingDeploymentProcess": "正在完成部署过程...",
            "getInfoAboutLatestCommit": "获取最新提交的信息...",
            "preparingFilesTreeToUpload": "准备上传文件树...",
            "repositoryDoesNotExist": "选择的存储库不存在。",
            "requestLimitExceededInfo": "您的 API 请求已超出限制（剩余 {remaining} 个请求）。请等到 {resetTime} UTC 然后再试一次。",
            "requestTimeout": "请求超时。",
            "retrievingHandlerOfRemoteFilesTree": "正在检索远程文件树处理程序...",
            "retrievingRemoteFilesTree": "正在检索远程文件树...",
            "tokenOrServerAddressInvalid": "提供的令牌（Token）或服务器地址无效。",
            "tooManyFilesInfo": "您的网站包含超过 4000 个项目（{numberOfFiles} 个文件和目录）。目前我们的 Github Pages 只支持最多包含 4000 个项目的网站。"
        },
        "site": {
            "noConfigurationForResponsiveImages": "没有响应式图片的配置数据",
            "noImagesToRegenerate": "没有要重新生成的图像",
            "noThemeSelected": "没有选择主题"
        },
        "sureYouWantQuit": "你确定你要退出吗？ \n所有未保存的更改都将丢失。",
        "wpImport": {
            "authorsProgressInfo": "导入作者（{progress} / {total}）",
            "imageDownloadError": "下载图片时出错：{image}",
            "imagesProgressInfo": "下载图片（{progress} / {total}）",
            "postsProgressInfo": "导入帖子（{progress} / {total}）",
            "tagsProgressInfo": "导入标签（{progress} / {total}）"
        }
    },
    "date": {
        "apr": "4 月",
        "aug": "8 月",
        "changePostPublicationDate": "更改发布日期",
        "dec": "12 月",
        "feb": "2 月",
        "jan": "1 月",
        "jul": "7 月",
        "jun": "6 月",
        "mar": "3 月",
        "may": "5 月",
        "nov": "11 月",
        "oct": "10 月",
        "sep": "9 月"
    },
    "editor": {
        "addHeading": "添加标题",
        "addLabel": "添加标签",
        "alignTextCenter": "对齐文本中心",
        "alignTextLeft": "左对齐文本",
        "alignTextRight": "右对齐文本",
        "blockEditorHelpPanelDesc": "您可以通过单击新行上的 <span>+</span> 或 <span>TAB</span> 按钮或在新行上键入以下快捷方式或 markdown 语法来插入块：",
        "blocks": {
            "code": {
                "idTooltip": "该值将用作代码 ID"
            },
            "cssClassesLabel": "CSS 类",
            "cssClassesTooltip": "这些 CSS 类将被添加到字段的 class 属性中",
            "embed": {
                "idTooltip": "该值将用作嵌入 ID"
            },
            "gallery": {
                "idTooltip": "此值将用作图库 ID"
            },
            "header": {
                "customIdLabel": "使用自定义 ID",
                "customIdTooltip": "如果您想使用自己的 ID，而不是自动生成的 ID，请启用此选项",
                "idTooltip": "此值将用作标头 ID"
            },
            "html": {
                "idTooltip": "该值将用作 HTML ID"
            },
            "idLabel": "ID",
            "image": {
                "idTooltip": "该值将用作图像 ID"
            },
            "list": {
                "idTooltip": "此值将用作列表 ID"
            },
            "paragraph": {
                "idTooltip": "该值将用作段落 ID",
                "styleLabel": "段落样式",
                "styles": {
                    "highlight": "强调",
                    "info": "信息",
                    "success": "成功",
                    "warning": "警告"
                },
                "styleTooltip": "为段落块选择其他样式"
            },
            "quote": {
                "idTooltip": "此值将用作引用 ID"
            },
            "separator": {
                "idTooltip": "此值将用作分隔符 ID"
            },
            "toc": {
                "idTooltip": "这个值将作为目录的ID"
            }
        },
        "cantSavePostWithEmptyTitle": "您无法保存标题为空的帖子。",
        "changesSaved": "更改已保存",
        "clearFormatting": "清除格式",
        "clickToConfirm": "点击确认",
        "code": "代码",
        "conversions": {
            "toCode": "代码",
            "toHeader": "标题",
            "toHTML": "HTML",
            "toList": "列表",
            "toParagraph": "段落",
            "toQuote": "引用"
        },
        "convertTo": "转换成：",
        "custom": "自定义",
        "defaultSelect": "- 选择 -",
        "deleteBlock": "删除块",
        "dot": "点",
        "dots": "点",
        "dragAndDropImgToEditor": "将图像拖放到编辑器上",
        "dropToUploadYourPhotoOr": "拖放以上传您的照片或",
        "dropToUploadYourPhotosOr": "拖放以上传您的照片或",
        "element": "元素",
        "emptyGalleryBlock": "空画廊块",
        "emptyImageBlock": "空图像块",
        "enterAltText": "输入替代文字",
        "enterCaption": "输入标题",
        "enterUrlOrEmbedCode": "输入网址或嵌入代码...",
        "errorOccured": "发生错误，请重试。",
        "gallery": "画廊",
        "header": "标题",
        "heading1": "标题 1",
        "heading2": "标题 2",
        "heading3": "标题 3",
        "heading4": "标题 4",
        "heading5": "标题 5",
        "heading6": "标题 6",
        "hideHelp": "隐藏帮助",
        "hideStats": "隐藏统计",
        "html": "HTML",
        "insertGallery": "插入图库",
        "list": "列表",
        "markdown": "Markdown",
        "markdownHelpPanelDesc": "您可以使用以下键盘快捷键或 markdown 语法轻松管理标题、文本样式或创建其他 HTML 元素：",
        "newDraftCreated": "新草稿已创建",
        "newPostCreated": "新帖子已创建",
        "quote": "引用",
        "quoteAuthor": "引用作者",
        "quoteText": "引用文字",
        "readMore": "阅读更多",
        "readMoreBlockName": "阅读更多",
        "selectFiles": "选择文件",
        "separator": "分隔符",
        "shortcuts": "快捷",
        "sourceCode": "源代码",
        "startWriting": "开始写...",
        "startWritingOrPressTabToChooseBlock": "开始写入或按 TAB 键选择一个块。",
        "toc": "TOC",
        "tocAutoGenerationInfo": "目录是根据内容的标题 (H1-H6) 自动生成的。",
        "togglePostStatsPanel": "切换帖子统计面板",
        "unableToSetSpellCheckerForLanguage": "(!) 无法将拼写检查器设置为使用所选语言 -",
        "useOrderedList": "使用有序列表",
        "useUnorderedList": "使用无序列表",
        "viewHelp": "查看帮助",
        "viewStats": "查看状态",
        "wideLine": "宽线"
    },
    "file": {
        "addNewFile": "添加新文件",
        "backups": "备份",
        "createBackup": "创建备份",
        "createBackupConfirmMsg": "为您的备份选择一个名称 - 文件名只能包含字母数字字符、短划线和下划线：",
        "createBackupErrorMsg": "创建备份时出错。 请再试一次。",
        "createBackupNameEmptyMsg": "提供的文件名不能为空。 请输入名称。",
        "createBackupNameInUseMsg": "提供的文件名 (<strong>{filename}</strong>) 已被现有备份使用。 请使用其他名称重试。",
        "createBackupSuccessMsg": "已创建备份。",
        "createFirstBackupMsg": "您还没有任何备份。 让我们创建第一个！",
        "creatingBackup": "创建备份",
        "creationDate": "创建日期",
        "deletBackupsConfirmMsg": "您真的要删除选定的备份吗？ 此操作无法撤消。",
        "deletBackupsErrorMsg": "删除所选备份时出错。 请再试一次。",
        "deletBackupsSuccessMsg": "已删除选定的备份",
        "dragAndDropBackupFile": "将备份文件拖放到此处或",
        "dropYourFileHere": "把你的文件放在这里",
        "file": "文件",
        "fileFromFileManager": "文件管理器中的文件",
        "fileManager": "文件管理器",
        "filename": "文件名称",
        "files": "文件",
        "fileSemicolon": "文件：",
        "fileSize": "文件大小",
        "filterOrSearchFiles": "过滤或搜索文件...",
        "mediaFiles": "媒体/文件",
        "noBackupsAvailable": "没有可用的备份",
        "noFileInMediaFilesDirInfo": "媒体/文件目录中没有文件...",
        "noFileInRootDirInfo": "根目录下没有文件...",
        "noFileMatchingCriteriaInfo": "没有符合您条件的文件。",
        "operations": "操作",
        "preparingFilesInOutputDir": "准备输出目录中的文件",
        "provideNameForNewFile": "请提供新文件的名称",
        "removeFilesConfirmMsg": "您真的要删除选定的文件吗？ 此操作无法撤消。",
        "removeFilesSuccessMsg": "选定的文件已被删除",
        "rename": "重命名",
        "renameBackupConfrimLabel": "重命名文件",
        "renameBackupConfrimMsg": "请指定新的备份文件名：",
        "renameBackupErrorMsg": "重命名所选备份文件时出错。 请再试一次。",
        "renameBackupNameEmptyMsg": "备份文件名不能为空。 请再试一次。",
        "renameBackupNameInUseMsg": "指定的名称正被另一个备份文件使用。 请再试一次。",
        "renameBackupSameNameMsg": "指定的名称与旧名称相同。 请再试一次。",
        "renameBackupSuccessMsg": "备份已成功重命名。",
        "restore": "恢复",
        "restoreBackupConfrimLabel": "恢复备份",
        "restoreBackupConfrimMsg": "您真的要恢复选定的备份吗？ 现有文件将被覆盖。",
        "restoreBackupErrorMsg": "还原所选备份文件时出错：",
        "restoreBackupSuccessMsg": "网站已成功恢复。",
        "rootDirectory": "根目录",
        "selectedFileExsistsMsg": "以下文件无法复制，因为它们已存在于所选目录中：",
        "selectedFilenameInUseMsg": "所选文件名正在使用中。 请使用不同的文件名。",
        "selectFile": "选择文件",
        "selectFileFromFileManager": "从文件管理器中选择一个文件",
        "uploadFiles": "上传文件"
    },
    "gdpr": {
        "addGroup": "添加组",
        "groupID": "组 ID",
        "groupName": "组名称",
        "state": "状态"
    },
    "image": {
        "addImages": "添加图像",
        "align": "对齐",
        "centeredImage": "居中图像",
        "columns": "列:",
        "dropFeaturedImageOr": "将特色图片拖放到此处或",
        "dropToUploadPhotoOr": "拖放以上传您的照片或",
        "eightColumns": "8 列",
        "enterAltText": "输入替代文字",
        "enterCaption": "输入标题",
        "fiveColumns": "5 列",
        "fourColumns": "4 列",
        "fullWidth": "全宽",
        "fullWidthImage": "全宽图像",
        "image": "图像",
        "imageAlternativeText": "图像替代文本",
        "imageCaption": "图片说明",
        "images": "图像",
        "insertEditGallery": "插入/编辑图库",
        "layout": "布局",
        "loadingImage": "上传图像...",
        "none": "无",
        "oneColumn": "1 列",
        "pictures": "图片",
        "removeImage": "删除图像",
        "sevenColumns": "7 列",
        "sixColumns": "6 列",
        "threeColumns": "3 列",
        "twoColumns": "2 列",
        "uploading": "上传",
        "wide": "宽幅",
        "wideImage": "宽幅图像",
        "yourGalleryIsEmpty": "你的画廊是空的"
    },
    "langs": {
        "addLanguageSuccessMessage": "已添加语言",
        "deleteLanguage": "删除语言",
        "getMoreLanguages": "获取更多语言",
        "goToLanguagesManager": "去语言管理器",
        "installLanguage": "安装语言",
        "isOutdated": "已过时",
        "isOutdatedTitle": "当您使用 Publii v.{currentVersion} 时，此语言支持 Publii 至 v.{supportedVersion} - 请更新 Publii 以使用此语言。",
        "language": "语言：",
        "languageChangedMsg": "应用程序语言已更改",
        "languageChangeError": "更改语言发生错误 - 请重试。",
        "languageLoadingError": "加载应用语言时出错。 将改为使用默认语言（英语）。 请转到语言设置以选择其他语言。",
        "languages": "语言",
        "removeLanguageMessage": "确实要删除 {languageName} 语言吗？",
        "removeLanguageSuccessMessage": "所选语言已被删除",
        "updatedLanguageSuccessMessage": "所选语言已更新",
        "uploadLanguageErrorMessage": "安装过程中发生错误。 请再试一次。"
    },
    "link": {
        "addDownloadAttr": "添加“下载”属性",
        "addLink": "添加链接",
        "addNofollow": "添加 rel=\"nofollow\"",
        "downloadAttribute": "属性“下载”：",
        "insertEditLink": "插入/编辑链接",
        "linkInvalidMsg": "对不起！ 此链接似乎无效。",
        "linkRelAttribute": "链接“rel”属性",
        "linkTitleAttribute": "链接“title”属性",
        "openInNewTab": "在新标签中打开",
        "previewLinkInBrowser": "在浏览器中预览此链接",
        "previewOnlyExternalLinksMsg": "您只能在帖子编辑器中预览外部链接",
        "removeLink": "删除链接",
        "selectLinkType": "选择链接类型"
    },
    "menu": {
        "addMenuItem": "添加菜单项",
        "addNewMenu": "添加新菜单",
        "addNewMenuItem": "添加新菜单项",
        "addSubmenu": "添加子菜单",
        "addSubmenuItem": "添加子菜单项",
        "assignedMenu": "指定菜单",
        "classCSS": "CSS 类",
        "createNewMenu": "创建新菜单",
        "deleteThisMenuItem": "删除此菜单项",
        "duplicateThisMenuItem": "复制这个菜单项",
        "editMenuItem": "编辑菜单项",
        "editMenuName": "编辑菜单名称",
        "editThisMenuItem": "编辑这个菜单项",
        "externalLink": "外部链接",
        "externalURL": "外部网址",
        "hideThisMenuItem": "隐藏这个菜单项",
        "insertActions": "插入所选项目：",
        "insertAfter": "之后",
        "insertAsChild": "作为子菜单",
        "insertBefore": "之前",
        "internalLink": "内部链接",
        "items": "项目",
        "label": "标签",
        "likedItemError": "链接的项目尚未呈现（空标签/作者页面）、不存在或已被删除",
        "likedItemIsADraft": "链接的项目是草稿",
        "menu": "菜单",
        "menuIemsRemoveMessage": "您真的要删除选定的菜单项吗？",
        "menuItemIsHidden": "此菜单项已隐藏",
        "menuNameCannotBeEmptyCreateNewMenuErrorMessage": "菜单名称字段不能为空。 请输入菜单名称。",
        "menuNameCannotBeEmptyErrorMessage": "菜单名称字段不能为空。 请输入新的菜单名称。",
        "menuNameExistsErrorMessage": "指定的菜单名称已存在。 请使用其他名称。",
        "menuNameHasBeenEdited": "菜单名称已修改",
        "menuNameInUseErrorMessage": "指定的菜单名称正在使用中。 请输入新的菜单名称。",
        "menusRemoveMessage": "您真的要删除选定的菜单吗？",
        "menusRemoveSuccessMessage": "选定的菜单已被删除",
        "moveItem": "移动",
        "newMenuCreated": "新菜单已创建",
        "noMenusAvailable": "没有可用的菜单",
        "noMenusCreateNewOne": "您还没有任何菜单。 让我们创建第一个！",
        "noMenusMessage": "没有菜单项； 通过上面的“添加菜单项”按钮创建新的。",
        "provideNameForNewMenu": "为您的新菜单命名：",
        "provideNewNameForMenu": "为所选菜单提供一个新名称：",
        "selectItemType": "选择项目类型",
        "selectLinkTarget": "选择链接目标",
        "showThisMenuItem": "显示此菜单项",
        "textSeparator": "文本分隔符",
        "type": "类型",
        "unassigned": "未分配",
        "unselectItem": "取消选择"
    },
    "plugins": {
        "addPluginSuccessMessage": "插件已添加",
        "deletePlugin": "删除插件",
        "getMorePlugins": "获取更多插件",
        "goToPluginsManager": "去插件管理器",
        "installPlugin": "安装插件",
        "isIncompatible": "已过时",
        "isIncompatibleTitle": "此插件支持 v.{supportedVersion} 的 Publii，而您正在使用 Publii v.{currentVersion} - 请更新 Publii 以使用此插件。",
        "plugin": "插件：",
        "plugins": "插件",
        "removePluginMessage": "您真的要删除 {pluginName} 插件吗？",
        "removePluginSuccessMessage": "所选插件已被删除",
        "updatedPluginSuccessMessage": "所选插件已更新",
        "uploadPluginErrorMessage": "安装过程中发生错误。 请再试一次。"
    },
    "post": {
        "addNewPost": "添加新帖子",
        "addPostTitle": "添加帖子标题",
        "all": "全部",
        "changePostDate": "更改发布日期",
        "characters": "Characters",
        "configureThemeBeforeGenaratingPreview": "在生成这篇文章的预览之前，必须为此网站选择和配置一个主题。",
        "currentDefaultTemplate": "当前默认模板",
        "customPostTypes": "自定义帖子类型",
        "drafts": "草稿",
        "duplicate": "复制",
        "duplicatePostErrorMessage": "复制所选帖子时出错。 请再试一次。",
        "duplicatePostSuccessMessage": "所选帖子已重复",
        "editorBlock": "块编辑器",
        "editorBlockInfo": "一个现代且直观的编辑器，具有快捷方式和引用支持，使博客变得简单，无需担心 HTML 或其他代码元素。",
        "editorBlockNotSupportedEditPostInfo": "当前主题不支持本文中使用的块编辑器。 这篇文章可能会错误地呈现到输出文件中。",
        "editorBlockNotSupportedNewPostInfo": "当前主题不支持本文中使用的块编辑器。 这篇文章可能会错误地呈现到输出文件中。",
        "editorBlockUse": "使用块编辑器",
        "editorMarkdown": "Markdown 编辑器",
        "editorMarkdownInfo": "该编辑器支持 Markdown 语法作为快速生成内容的简写； 非常适合广泛的、简洁的项目，例如文档。",
        "editorMarkdownUse": "使用 Markdown 编辑器",
        "editorWYSIWYG": "所见即所得编辑器",
        "editorWYSIWYGInfo": "此编辑器提供熟悉的文字处理体验，并为想要控制其页面内容的各个方面的用户提供额外的工具。",
        "editorWYSIWYGUse": "使用所见即所得编辑器",
        "editPostAnyway": "编辑帖子",
        "excluded": "排除",
        "excludeFromHomepage": "从主页中排除",
        "featured": "置顶",
        "filterOrSearchPosts": "过滤或搜索帖子...",
        "hidden": "Hidden",
        "hidePost": "隐藏帖子",
        "includeInHomepage": "包含在主页中",
        "markAsDraft": "标记为草稿",
        "markAsFeatured": "标记为置顶",
        "markAsUnfeatured": "标记为无置顶",
        "min": "分钟",
        "modificationDate": "修改日期",
        "moveToTrash": "移到垃圾箱",
        "noPostsMatchingYourCriteria": "没有符合您条件的帖子。",
        "openEditorAnyway": "打开编辑器",
        "paragraphs": "段落",
        "post": "帖子",
        "postAuthor": "帖子作者",
        "postLink": "帖子链接",
        "postName": "帖子名称：",
        "postPage": "帖子页面",
        "posts": "帖子",
        "postSettings": "帖子设置",
        "postSlug": "帖子别名（slug）",
        "postSlugLengthWarning": "超过 250 个字符的帖子别名（slug）可能会导致在网站呈现期间创建损坏的文件。",
        "postSlugTooLong": "帖子别名（slug）太长了",
        "postState": "发布状态",
        "postStatusChangeSuccessMessage": "所选帖子的状态已更改",
        "postTemplate": "帖子模板",
        "postWillNotAppearOnHomepageListMsg": "帖子不会出现在主页列表中",
        "postWillNotAppearOnListMsg": "帖子不会出现在任何生成的帖子列表中，例如标签或作者页面",
        "publicationDate": "发布日期",
        "publish": "发布",
        "published": "已发布",
        "readingTime": "阅读时间",
        "removePostMessage": "您真的要删除选定的帖子吗？ 这不能被撤消。",
        "removePostSuccessMessage": "选定的帖子已被删除",
        "selectPostPage": "选择帖子页面",
        "sentences": "Sentences",
        "setCustomPostDate": "设置自定义发布日期",
        "status": "状态",
        "thisPostIsADraft": "此帖子是草稿",
        "thisPostIsExcludedFromHomepage": "此帖子被排除在主页之外",
        "thisPostIsFeatured": "此帖子已置顶",
        "thisPostIsHidden": "此帖子已隐藏",
        "title": "标题",
        "trashed": "垃圾",
        "uniqueWords": "Unique words",
        "updatedOn": "更新于",
        "url": "网址",
        "words": "字数"
    },
    "publii": {
        "aboutPublii": "关于 Publii",
        "currentPubliiVersion": "版本",
        "accept": "接受",
        "copyright": "Copyright 2022 <a href=\"https://tidycustoms.net\" target=\"_blank\" rel=\"noopener noreferrer\">TidyCustoms</a>. All rights reserved.<br>Publli 由核心团队与 <a href=\"https://github.com/dziudek\" target=\"_blank\" rel=\"noopener noreferrer\">Dev Zen</a> 合作设计和维护 <a href=\"https://electronjs.org\" target=\"_blank\" rel=\"noopener noreferrer\">Electron</a> 和其他开源项目",
        "creditsIntro": "Publii 使用以下第三方开源软件：",
        "dataCollectionInfo": "<strong>我们不会在您使用 Publii 应用时收集任何个人数据；</strong> 我们不会存储、跟踪或允许第三方收集有关您的个人身份信息。",
        "homepage": "主页",
        "license": "许可证",
        "licensingInformation": "许可信息",
        "openSourceSoftware": "开源软件",
        "publiiLicenseAgreement": "公共许可协议。",
        "publiiLicenseAgreementInfo": "本软件在 GNU GPL 版本 3 下获得许可。<br>单击“接受”即表示您同意"
    },
    "rendering": {
        "errorDuringPreviewCreatinMsg": "创建预览时出错。",
        "rendering": "渲染...",
        "renderingErrorText": "网站渲染过程中出现错误。",
        "renderingPleaseWait": "渲染过程完成，请稍候。",
        "selectThemeBeforeCreatingPreviewMsg": "在尝试创建网站预览之前，您必须选择一个主题。 请转到网站设置部分并选择一个主题。"
    },
    "settings": {
        "addGDPRCookieBanner": "添加 GDPR Cookie 横幅",
        "additionalValidElementsInWYSIWYGEditor": "所见即所得编辑器中的其他有效元素",
        "additionalValidElementsInWYSIWYGEditorInfo": "如果 WYSIWYG 编辑器自动从您的 HTML 代码中删除一些标签，您可以在此处将它们添加为允许的元素。<br> 例如：<strong>v-select[*],v-dropdown[*]</strong> 将允许 具有任何属性的自定义 v-select 和 v-dropdown 标签。",
        "advancedOptions": "高级选项",
        "advancedPreviewDesc": "高级预览允许您在不打开浏览器的情况下呈现网站",
        "alwaysAddIndexHTMLInURLs": "始终在 URL 中添加 index.html",
        "alwaysSaveSearchState": "始终保存搜索状态",
        "anchorLink": "锚链接",
        "appSettings": "应用设置",
        "appSettingsSavedMsg": "应用设置已成功保存。",
        "appSettingsSaveErrorMsg": "保存应用程序设置时出错。 请再试一次。",
        "ascending": "上升",
        "authorPage": "作者页面",
        "authorPages": "作者页面",
        "authorPageTitleVariables": "在作者页面标题中可以使用以下变量：%authorname, %sitename.",
        "authorPrefix": "作者前缀：",
        "authorPrefixInfo": "定义出现在 URL 中作者 slug 之前的前缀，例如 <strong>https://example.com/AUTHOR_PREFIX/author-slug</strong>。<br>",
        "authorsPrefixCannotBeEmpty": "作者前缀不能为空。",
        "authorsPrefixCannotEqualTagsPrefix": "作者前缀不能与标签前缀相同。",
        "backupLocation": "备份位置",
        "backupLocationChangedConfirmMsg": "备份存储位置已更改。 所有新备份都将存储在此目录中。 如果您需要访问较早的备份，可以手动将它们移动到新目录。",
        "badge": "标记",
        "badgeAndCustomLink": "标记+自定义链接",
        "badgeLabel": "标记标签",
        "basicSettings": "基本设置",
        "byIDAscending": "按 ID 升序",
        "byIDDescending": "按 ID 降序",
        "cannotAddIndexHTMLInURLsInfo": "如果您无法在服务器上打开文件夹时默认启用加载 index.html 文件，请启用此选项。",
        "cardTypes": "卡片类型：",
        "changeSitesLocationWithoutCopyingFiles": "更改网站位置而不将现有网站移动到新目录",
        "closePostEditorOnSave": "保存时关闭帖子编辑器",
        "codeEditor": "代码编辑器 (CodeMirror)",
        "colorTheme": "主题颜色",
        "content": "内容",
        "cookieGroups": "Cookie 组",
        "cookiePopup": "Cookie 弹窗",
        "createXMLSitemap": "创建 XML 网站地图",
        "currentTheme": "当前主题：",
        "customFeedTitle": "自定义 Feed 标题",
        "customLanguageCode": "自定义语言代码：",
        "darkMode": "黑暗模式",
        "defaultAuthorsOrdering": "默认作者排序：",
        "defaultOrderingOnLists": "默认列表排序：",
        "defaultPostsOrdering": "默认帖子排序：",
        "defaultTagsOrdering": "默认标签排序：",
        "descending": "降序",
        "disableAuthorsPagination": "禁用作者分页",
        "disableAuthorsPaginationIndexing": "禁用作者分页索引",
        "disableAuthorsPaginationIndexingInfo": "如果启用此选项，您的作者分页文件将从网站地图中排除，并将添加 <strong>noindex, follow</strong> 机器人元标记。",
        "disableAuthorsPaginationInfo": "如果启用此选项，您的作者分页将不会生成。",
        "disableHomepagePaginationIndexing": "禁用主页分页索引",
        "disableTagsPagination": "禁用标签分页",
        "disableTagsPaginationIndexing": "禁用标签分页索引",
        "disableTagsPaginationIndexingInfo": "如果启用此选项，您的标签分页文件将从网站地图中排除，并将添加 <strong>noindex, follow</strong> 机器人元标签。",
        "disableTagsPaginationInfo": "如果启用此选项，您的标签分页将不会生成。",
        "displayEmptyAuthors": "显示作者不带帖子",
        "displayEmptyAuthorsInfo": "如果启用此选项，未分配帖子的作者仍将创建其子页面并显示在作者列表中。",
        "displayEmptyTags": "显示不带帖子的标签",
        "displayEmptyTagsInfo": "如果启用此选项，未分配帖子的标签仍将创建其子页面并显示在标签列表中。",
        "dontIndexThisPage": "要求搜索引擎不要抓取整个网站。",
        "editorFontFamily": "字体家族",
        "editorFontFamilySansSerif": "Sans serif",
        "editorFontFamilySerif": "Serif",
        "editorFontSize": "字体大小 (px)",
        "editors": "编辑器",
        "enableAdvancedPreview": "启用高级预览",
        "enableAMP": "启用 AMP",
        "enableAMPInfo": "AMP（加速移动页面）为您的静态内容创建快速呈现的移动优化页面。 <br/><strong>请注意</strong>：启用此选项后，您的网站将加载由 Google 的 AMP CDN 提供的第三方脚本。",
        "enableAutoIndent": "启用自动缩进",
        "enableCSSCompression": "启用 CSS 压缩",
        "enableHTMLCompression": "启用 HTML 压缩",
        "enableJSONFeed": "Enable JSON feed",
        "enableMediaLazyLoad": "启用媒体延迟加载",
        "enableMediaLazyLoadInfo": "如果您想使用延迟加载图像、视频和 iframe 的本机延迟加载，请启用此选项。",
        "enableResponsiveImages": "启用响应式图像",
        "enableResponsiveImagesInfo": "如果您想根据通过主题文件夹中的 config.json 文件定义的断点以不同的屏幕分辨率提供不同大小的图像，请启用此选项。",
        "enableRSSFeed": "启用 RSS Feed",
        "enableSharingButtons": "启用共享按钮",
        "enableSpellchecker": "启用拼写检查器",
        "errorPage": "错误页面：",
        "errorPageFilenameCannotBeEmpty": "错误页面文件名不能为空。",
        "errorPageFilenameCannotEqualSearchPageFilename": "错误页面文件名不能与搜索页面文件名相同。，",
        "errorPageTitleVariables": "错误页面标题中可以使用以下变量：%sitename.",
        "excludedFiles": "排除的文件",
        "excludeFeaturedPosts": "排除置顶帖子",
        "excludeFilesFromSitemapInfo": "键入要从网站地图中排除的 HTML 文件或文件夹的逗号分隔列表。<br>例如：<strong>avoid-this-file.html,avoid-this-catalog-too</strong>。",
        "experimentalFeaturesWarning": "我们一直在寻找改进应用程序的方法。 本节包含旨在扩展 Publii 功能的实验性功能。 由于它们是实验性的，我们不能保证它们会正常工作； 激活它们需要您自担风险。",
        "experimentalFeatureAppUiLanguages": "Publius UI 翻译",
        "experimentalFeatureAppUiLanguagesDesc": "此功能允许您在应用程序菜单（三点菜单）中提供的“语言”部分管理 Publii UI 翻译。",
        "experimentalFeatureAppAutoBeautifySourceCode": "Auto-beautify source code in WYSIWYG editor",
        "experimentalFeatureAppAutoBeautifySourceCodeDesc": "该功能可以在所见即所得编辑器中对源代码进行自动美化",
        "externalImages": "外部图像",
        "externalPage": "外部页面",
        "facebook": "脸书（Facebook）",
        "facebookAppID": "脸书（Facebook）ID",
        "facebookAppIDInfo": "阅读如何获取 <a href=\"https://developers.facebook.com/docs/apps/\" target=\"_blank\" rel=\"noopener noreferrer\">脸书（Facebook）ID</a>。",
        "fallbackImage": "后备图片",
        "fallbackLogoImage": "后备徽标（LOGO）图片",
        "fallbackLogoImageInfo": "The logo must fit in a 60 &times; 600 pixel box.",
        "featuredPostsOrderBy": "置顶帖子按以下顺序排列：",
        "featuredPostsOrdering": "置顶帖子排序：",
        "feedTitle": "Feed 标题：",
        "filesLocation": "文件位置",
        "footerText": "页脚文本",
        "frontpage": "首页",
        "GDPR": "GDPR",
        "gdprBehaviourInfo": "记得在您的网站导航或网站内容中放置带有上述锚点的链接（例如 <a href=\"#cookie-settings\">Cookie 首选项</a>）。否则，您网站的用户可能无法更改他们个人的 cookie 偏好。",
        "gdprTitle": "标题",
        "generateOpenGraphTags": "生成开放图标签",
        "generateTwitterCards": "生成推特（Twitter）卡片",
        "googleAnalyticsTrackingID": "谷歌分析跟踪 ID",
        "hiddenPostsOrderBy": "隐藏帖子排序方式：",
        "hiddenPostsOrdering": "隐藏帖子排序：",
        "hideCustomExcerptsOnPostPages": "在帖子页面上隐藏自定义摘录",
        "hideCustomExcerptsOnPostPagesInfo": "如果启用此选项，您的帖子页面将不会显示位于帖子编辑器中“阅读更多”元素上方的文本。",
        "homepageNoIndexPagination": "如果启用此选项，您的主页分页文件将从网站地图中排除，并将添加 <strong>noindex, follow</strong> 机器人元标记。",
        "homepagePagination": "主页分页",
        "howToPrepareYourThemeForGDPRInfo": "启用 GDPR Cookie 弹出窗口需要对您的主题进行一些额外的更改，尤其是在您使用第三方脚本的情况下。 <a href=\"https://getpublii.com/dev/prepare-theme-gdpr-compliant/\" target=\"_blank\" rel=\"noopener noreferrer\">阅读如何为 GDPR 准备主题 </a>。",
        "imageResizeEngineInfo": "Sharp 调整大小引擎比 Jimp 快得多，但可能会导致某些图像出现问题。 如果您在创建或重新生成缩略图时遇到问题，请尝试切换到 Jimp 调整大小引擎。 如果您希望使用 WebP 图像，则需要使用 Sharp 调整大小引擎。",
        "imagesResizeEngine": "图片大小调整引擎：",
        "indentSize": "缩进大小（空格）",
        "internalPage": "内部页面",
        "leaveBlankForDefaultBackupsDir": "留空以使用默认备份目录",
        "leaveBlankForDefaultPreviewDirectory": "留空使用默认预览目录",
        "leaveBlankToUseDefaultPageTitle": "留空使用默认页面标题",
        "leaveBlankToUseDefaultSitesDir": "留空使用默认网站目录",
        "lightMode": "灯光模式",
        "linkedIn": "领英（LinkedIn）",
        "linkLabel": "链接标签",
        "loadAtStart": "开始加载：",
        "metaDescription": "元描述：",
        "metaRobots": "元机器人",
        "noIndexWebsite": "无索引网站",
        "notSelected": "未选择",
        "numberOfPostsInFeed": "Feed 中的帖子数",
        "openDevtoolsInMainW": "在主窗口中自动打开 Devtools",
        "openGraph": "打开 Graph",
        "openLastUsedWebsite": "打开上次使用的网站",
        "openPopupWindowBy": "打开弹出窗口的方式",
        "optionsForDevelopers": "开发者选项",
        "optionsForEditors": "编辑器选项",
        "optionsForExperimentalFeatures": "实验功能",
        "ordering": {
            "authorASC": "按作者（升序）",
            "authorDESC": "按作者（降序）",
            "createdASC": "按创建日期（升序）",
            "createdDESC": "按创建日期（降序）",
            "idASC": "按 ID (升序)",
            "idDESC": "按 ID (降序)",
            "modifiedASC": "按修改日期（升序）",
            "modifiedDESC": "按修改日期（降序）",
            "nameASC": "按名称（升序）",
            "nameDESC": "按名称（降序）",
            "postsCounterASC": "按帖子计数（升序）",
            "postsCounterDESC": "按帖子数（降序）",
            "titleASC": "按标题（升序）",
            "titleDESC": "按标题（降序）"
        },
        "pageName": "页面名称",
        "pageTitle": "页面标题",
        "pageTitleVariables": "可以在页面标题中使用以下变量：%posttitle, %sitename, %authorname",
        "paginationPhrase": "分页短语：",
        "paginationPhraseCannotBeEmpty": "分页短语不能为空。",
        "paginationPhraseInfo": "定义网址中页码之前使用的短语，例如 <strong>https://example.com/tags/tag-slug/page/2</strong>。<br>",
        "password": {
            "alwaysAskForPassword": "总是要求输入密码",
            "hidePassword": "隐藏密码",
            "password": "密码",
            "passwordFieldCantBeEmpty": "密码字段不能为空。",
            "showPassword": "显示密码"
        },
        "pinterest": "Pinterest",
        "postCreationDate": "帖子创建日期",
        "postID": "帖子 ID",
        "postModificationDate": "帖子修改日期",
        "postPageTitleVariables": "可以在帖子页面标题中使用以下变量：%posttitle, %sitename, %authorname.",
        "postsListing": "帖子列表",
        "postsOrderBy": "帖子排序：",
        "postsOrdering": "帖子排序：",
        "postTile": "帖子标题",
        "previewLocation": "预览位置",
        "previewLocationChangedConfirmMsg": "预览存储位置已更改。 请注意，创建网站预览时，此文件夹中的现有文件将被删除。",
        "privacyPolicyPage": "隐私政策页面",
        "privacyPolicyPageURL": "隐私政策页面网址",
        "privacyPolicyURL": "隐私政策网址",
        "provideFacebookAppID": "请提供 <a href=\"https://developers.facebook.com/docs/apps/\" target=\"_blank\" rel=\"noopener noreferrer\">Facebook 应用 ID</a>",
        "random": "随机",
        "relatedPostsOptions": "相关帖子选项",
        "relatedPostsOptionsInfo": "启用后，将从所有标签中获取相关帖子。 禁用后，将仅从与当前帖子相同的标签生成相关帖子。",
        "relatedPostsOrdering": "相关帖子排序：",
        "relatedPostsSelectionMechanism": "相关帖子选择机制：",
        "removeHTMLComments": "删除 HTML 注释",
        "responsiveImagesQuality": "响应式图像质量",
        "RSSJSONFeed": "RSS/JSON Feed",
        "saveButtonLabel": "保存按钮标签",
        "saveSearchStateInfo": "启用后，即使在创建新帖子时，Publii 也会保存当前的搜索结果，让您返回列表。 默认情况下，Publii 仅在打开帖子进行编辑时保存搜索结果。",
        "requiresRestartingApp": "需要重新启动 Publii 应用程序",
        "saveSettings": "保存设置",
        "searchPage": "搜索页面：",
        "searchPageFilenameCannotBeEmpty": "搜索页面文件名不能为空。",
        "searchPageTitleVariables": "在搜索页面标题中可以使用以下变量：%sitename.",
        "selectedDirInvalid": "所选目录不存在。",
        "selectPage": "选择页面",
        "showFeaturedImage": "显示特色图片",
        "showFeaturedImageInfo": "在Feed中显示帖子的特色图片。",
        "showFullText": "显示全文",
        "showFullTextInFeedInfo": "在Feed中显示帖子的全文。",
        "showModificationDateAsColumn": "将修改日期显示为列",
        "showOnlyFeaturedPosts": "仅显示置顶帖子",
        "showPostSlugsOnTheListing": "在列表中显示帖子别名（slug）",
        "sitemap": "网站地图",
        "sitemapLinkInfo": "您可以在此处找到 XML 网站地图：<a href=\"{sitemapLink}\" class=\"sitemap-external-link\" target=\"_blank\" rel=\"noopener noreferrer\">sitemap.xml</a>",
        "siteSettings": "网站设置",
        "siteSettingsSaveDuplicateNameErrorMessage": "提供的网站名称正在使用中。 请尝试其他网站名称。",
        "siteSettingsSaveEmptyNameErrorMessage": "网站名称不能为空。 请输入网站名称。",
        "siteSettingsSaveNoKeyringErrorMessage": "由于安全密码存储软件的问题，Publii 无法保存设置。 重新启动应用程序并重试。 如果问题仍然存在，请通过社区论坛向我们的团队报告。",
        "siteSettingsSaveNoKeyringErrorMessageLinux": "由于未安装安全密码存储软件，Publii 无法保存设置。 通过 https://github.com/atom/node-keytar/ 按照 Node Keytar 的安装说明进行操作，然后重试。 您的系统很可能缺少 libsecret-1-dev 和 gnome-keyring 软件包。",
        "siteSettingsSaveSiteNotExistsErrorMessage": "网站不存在。 请重新启动应用程序。",
        "siteSettingsSaveSuccessMessage": "网站设置已成功保存。",
        "sitesLocation": "网站位置",
        "sitesLocationChangedConfirmMsg": "网站位置已更改。 在您的网站文件移到那里之前，新目标文件夹中的现有文件将被删除； 你想继续吗？",
        "spellcheckerDoesNotSupportLanguage": "拼写检查器不支持您选择的网站语言。 我们建议禁用此功能。",
        "system": "系统",
        "systemColors": "使用系统颜色",
        "tagPages": "标签页面",
        "tagPageTitleVariables": "标签页面标题中可以使用以下变量：%tagname, %sitename.",
        "tagPrefix": "标签前缀",
        "tagPrefixInfo": "此处输入的前缀将添加到 URL 中的标记段之前，例如 <strong>https://example.com/TAG_PREFIX/tag-slug</strong>。<br>此前缀还用于生成标签列表页面（如果您的主题支持），例如 <strong>https://example.com/TAG_PREFIX/index.html</strong>。",
        "tagsListPage": "标签列表页面",
        "tagsListPageTitleVariables": "在标签列表页面标题中可以使用以下变量：%sitename.",
        "tagsPrefixCannotBeEmpty": "如果启用了漂亮的 URL，则标签前缀不能为空。",
        "themeDoesNotHaveSupportedFeaturesList": "<p>您的主题 <strong>config.json</strong> 文件不包含 <strong>supportedFeatures</strong> 部分。 请更新或修改您的主题，以包含有关您当前使用的主题不支持的功能的准确消息。 <a href=\"https://getpublii.com/dev/theme-supported-features\" target=\"_blank\" rel=\"noopener noreferrer\">详细了解支持的功能</a>。< /p>",
        "themeDoesNotSupport404ErrorPage": "您的主题不支持 404 错误页面。",
        "themeDoesNotSupportErrorPages": "你的主题不支持错误页面",
        "themeDoesNotSupportSearchPages": "你的主题不支持搜索页面",
        "themeDoesNotSupportTagsListPage": "您的主题不支持标签列表页面。",
        "themePrimaryColor": "主题原色",
        "timeFormat": "时间格式：",
        "toViewSitemapEnableIndexingInfo": "要查看网站地图设置，请在 SEO 设置选项卡中禁用“要求搜索引擎不索引此网站”选项； 否则不会为您的网站生成网站地图。",
        "tumblr": "汤博乐（Tumblr）",
        "twitter": "推特（Twitter）",
        "twitterCards": "推特（Twitter）卡",
        "twitterUsername": "推特（Twitter）名称",
        "twitteSummaryCard": "摘要卡",
        "twitteSummaryCardLargeImage": "带有大图的摘要卡",
        "urls": "网址",
        "useAsTitlePageTitle": "用作标题页的标题",
        "useAsTitlePageTitleInfo": "启用此选项后，og:title 和 twitter:title 元标记将包含页面标题，而不是帖子标题、标签名称或作者姓名。",
        "useGlobalConfiguration": "使用全局配置",
        "useOnlyTags": "仅使用标签",
        "useOnlyTitles": "仅使用标题",
        "usePrettyURLs": "使用漂亮的 URL",
        "usePrettyURLsInfo": "如果启用此选项，您的帖子 URL 将不包含 .html 后缀，例如 它会将 URL 从 <strong>https://example.com/post.html</strong> 更改为 <strong>https://example.com/post/</strong>。",
        "useSiteGlobalSettings": "使用全局网站设置",
        "useTitlesAndTags": "使用标题和标签",
        "usewideScrollbars": "使用更宽的滚动条",
        "versionParameter": "版本参数",
        "versionParameterInfo": "在 CSS/JS URL 中添加版本参数以跳过浏览器缓存。 此选项可能会导致在部署期间同步比平常更多的文件。",
        "websiteSpeed": "网站速度",
        "whatsApp": "WhatsApp"
    },
    "site": {
        "addNewWebsite": "添加新网站",
        "cloneWebsite": "克隆网站",
        "cloneWebsiteSuccessMsg": "网站已被克隆。 切换到：",
        "createNewWebsite": "创建新网站",
        "createWebsite": "创建网站",
        "createYourFirstWebsite": "创建你的第一个网站",
        "creationInProgress": "创建中...",
        "deleteWebsite": "删除网站",
        "deleteWebsiteConfirmMsg": "您真的要删除此网站吗？ 此操作无法撤消。",
        "deleteWebsiteCSuccessMsg": "网站已被删除。",
        "deleteWebsiteSuccessMsg": "网站已被删除。 切换到：",
        "duplicateWebsite": "复制网站",
        "erroOcurredDuringSiteDatabaseCreationInfo": "创建网站数据库期间发生错误。 请检查您的防病毒软件，然后重试。 您还可能需要从 Publii 网站目录中删除无效网站的文件夹。",
        "installFromBackup": "从备份安装",
        "removeWebsite": "删除网站",
        "selectedBackupFile": "选择的备份文件：",
        "siteLoadingErrorMsg": "加载所选网站时出错。 请检查网站文件并重试。",
        "siteName": "网站名称：",
        "siteSettingsSaveSuccessMsg": "网站设置已成功保存。",
        "siteWithThisNameExists": "已存在使用此名称的网站！",
        "specifyNameForWebsiteDuplicate": "请指定重复网站的新名称：",
        "websiteAuthorRequired": "作者姓名为必填项且应包含字母",
        "websiteName": "网站名称",
        "websiteNameAlreadyInUseMsg": "所选名称正在被另一个网站使用。 请再试一次。",
        "websiteNameCantBeEmpty": "网站名称不能为空。 请再试一次。",
        "websiteNameRequired": "必须提供网站名称",
        "websiteNotFound": "未找到网站"
    },
    "sync": {
        "accessID": "访问 ID",
        "accessIDFieldCantBeEmpty": "访问 ID 字段不能为空",
        "acl": "访问控制列表",
        "afterInitialSyncSiteWillBeAvailableOnline": "初始同步后，您的网站将在线可用",
        "allFilesUploadedPart1": "所有文件都已成功上传到您的服务器。 ",
        "allFilesUploadedPart2": "单击下面的按钮访问您的网站。",
        "apiRateLimiting": "API 速率限制",
        "apiRateLimitingNote": "仅当您使用禁用 API 速率限制时才禁用此选项的 Github Enterprise。 否则禁用此选项可能会导致部署错误。",
        "apiServer": "API 服务器",
        "apiServerNote": "仅当您使用自己的 GitHub 实例（企业版）时才更改此值。",
        "authenticationMethod": "身份验证方法",
        "branch": "分支",
        "branchExampleGitHubNote": "示例：<strong>gh-pages</strong>、<strong>docs</strong> 或 <strong>main</strong>。",
        "branchExampleGitLabeNote": "示例：<strong>docs</strong>、<strong>main</strong> 或 <strong>master</strong>。",
        "branchFieldCantBeEmpty": "分支字段不能为空",
        "bucket": "存储空间",
        "bucketFieldCantBeEmpty": "存储空间字段不能为空",
        "certificates": "证书",
        "changeServerType": "更改服务器类型",
        "checkingConnection": "检查连接...",
        "clickToChangeDeploymentMethod": "点击更改当前使用的部署方式",
        "configureServer": "配置服务器",
        "connectedToServer": "连接到服务器",
        "connectingToServer": "连接到服务器...",
        "connectionToServerErrorAdditionalMessage": "连接服务器时出错：",
        "connectionToServerErrorMessage": "连接到服务器时出错。 请检查您的服务器设置或重试。",
        "connectionToServerErrorText": "连接服务器时出错...",
        "connectToServerCantStoreFilesErrorMsg": "错误！ 应用程序能够与您的服务器连接，但无法存储文件。 请检查您服务器上的文件权限",
        "connectToServerErrorMsg": "错误！ 应用程序无法连接到您的服务器。",
        "connectToServerSuccessMsg": "成功！ 该应用程序能够连接到您的服务器。",
        "deploymentMethodFtpMsg": "FTP 协议使用未加密传输，这意味着通过它发送的任何数据，包括您的用户名和密码，都可能被任何可能拦截您传输的人读取。 如果可能，我们强烈建议使用 FTPS 或 SFTP 协议。",
        "deploymentMethodGithubPagesMsg": "有关如何使用 Github Pages 配置网站的详细信息，请查看 Publii 的在线 <a href=\"https://getpublii.com/docs/host-static-website-github-pages.html\" target=\"_blank \" rel=\"noopener noreferrer\">文档</a>。",
        "deploymentMethodGithubPagesNote": "这将是您的 Github 存储库路径，应使用以下格式：<strong>YOUR_USERNAME.github.io/YOUR_REPOSITORY_NAME</strong>。<br>如果您使用自定义域名，请将此字段设置为自定义域 姓名。",
        "deploymentMethodGitlabPagesMsg": "有关如何使用 GitLab 页面配置网站的详细信息，请查看 Publii 的在线 <a href=\"https://getpublii.com/docs/host-static-website-gitlab-pages.html\" target=\"_blank \" rel=\"noopener noreferrer\">文档</a>。",
        "deploymentMethodGoogleCloudMsg": "有关如何使用 Google Cloud 配置网站的详细信息，请查看 Publii 的在线 <a href=\"https://getpublii.com/docs/make-static-website-google-cloud.html\" target=\"_blank \" rel=\"noopener noreferrer\">文档</a>。",
        "deploymentMethodNetlifyMsg": "有关如何使用 Netlify 配置网站的详细信息，请查看 Publii 的在线 <a href=\"https://getpublii.com/docs/build-a-static-website-with-netlify.html\" target=\" _blank\" rel=\"noopener noreferrer\">文档</a>。",
        "deploymentMethodS3Msg": "有关如何使用 S3 配置网站的详细信息，请查看 Publii 的在线 <a href=\"https://getpublii.com/docs/setup-static-website-hosting-amazon-s3.html\" target=\" _blank\" rel=\"noopener noreferrer\">文档</a>。",
        "deploymentSettingDatHyperIpfsProtocolNote": "\"dat://\",\"hyper://\",\"dweb://\" 和 \"ipfs://\" 协议只有在您计划在 P2P 网络。 阅读更多关于 <a href=\"https://datproject.org/\" target=\"_blank\" rel=\"noopener noreferrer\">dat://</a>, <a href=\" https://hypercore-protocol.org/\" target=\"_blank\" rel=\"noopener noreferrer\">hyper://</a>, <a href=\"https://dwebx.org /\" target=\"_blank\" rel=\"noopener noreferrer\">dweb://</a> 和 <a href=\"https://ipfs.io/\" target=\"_blank\" rel=\"noopener noreferrer\">IPFS</a>",
        "deploymentSettingDoubleSlashProtocolNote": "注意：使用 \"//\" 作为协议时，某些功能，如 Open Graph 标签、共享按钮等将无法正常工作。",
        "deploymentSettingFileProtocolNote": "\"file://\" 协议仅在您对 Intranet 网站使用手动部署方法时才有用。",
        "deploymentSettingRelativeUrlsNote": "注意：在使用相对 URL 时，某些功能（如 Open Graph 标签、网站地图、RSS 提要、JSON 提要等）将被禁用。",
        "destinationServerNotConfiguredErrorMessage": "由于目标服务器未正确配置，您的网站当前无法同步。 <br>检查您的服务器设置以确保输入了正确的信息。",
        "destinationServerNotConfiguredErrorText": "确保目标服务器配置正确。",
        "domainNameNotSetErrorMessage": "您的网站目前无法同步，因为设置似乎缺少域名。 <br>检查您的服务器设置以确保已输入域名。",
        "domainNameNotSetErrorText": "确保已设置域名。",
        "duringSyncYouCantChangeFilesLocation": "在同步过程中不能更改文件位置。",
        "fieldIsCaseSensitive": "此字段区分大小写。",
        "filesNotSyncedErrorMessage": "请检查 hard-upload-errors-log.txt 文件，使用 工具 -> 日志查看器工具。",
        "filesNotSyncedErrorText": "某些文件未正确同步。",
        "ftp": "FTP",
        "ftps": "FTPS",
        "ftpWithSSLTLS": "使用 SSL/TLS 的 FTP",
        "generatePreviewFiles": "生成预览文件",
        "getWebsiteFiles": "获取网站文件",
        "githubPages": "Github Pages",
        "githubSyncedPart1": "完成部署后几分钟内可能看不到 Github 页面上的更改，",
        "githubSyncedPart2": "所以请耐心等待。",
        "gitlabPages": "Gitlab Pages",
        "gitlabSyncedPart1": "完成部署后几分钟内可能看不到 Gitlab 页面上的更改，",
        "gitlabSyncedPart2": "所以请耐心等待。",
        "googleCloud": "谷歌云",
        "googleCloudPrefixNote": "您的网站可能位于子目录中。 请避免在名称（即 <strong>/blog/</strong>）的开头使用斜杠前缀 - 因为它会创建一个具有空名称的附加目录。 正确的前缀示例：<strong>blog</strong>。",
        "goToAppSettings": "转到应用设置",
        "goToSettings": "前往设置",
        "keyFile": "文件",
        "lastRendered": "最后渲染",
        "lastSync": "最后同步",
        "leaveBlankToUseDefaultOutputDirectory": "留空以使用默认输出目录",
        "manualDeployment": "手动部署",
        "manualOutputFieldCantBeEmpty": "手动输出选择不能为空",
        "ManualUpload": "手动上传",
        "netlify": "Netlify",
        "netlifyToken": "Netlify 令牌（Token）",
        "nonCompressedCatalog": "非压缩目录",
        "note": "注意：",
        "operationsDone": "完成操作",
        "outputDirectory": "输出目录",
        "outputDirectoryNote": "Publii 将在所选目录中创建目录/文件 {siteName}-文件。 如果存在 - 它将被新文件替换。",
        "outputType": "输出类型",
        "outputTypeNote": "Publii 将生成您网站的目录或 ZIP/TAR 存档。 然后您可以手动将这些文件上传到任何目标服务器。",
        "parallelUploads": "并行上传",
        "parallelUploadsNote": "由于 API 速率限制，更多并行操作可能会导致慢速 Internet 连接上的上传错误或遇到错误 403。",
        "passphraseForKey": "密钥（Key）的密码",
        "passphraseForKeyNote": "仅当您的密钥（Key）需要密码时才使用此字段",
        "port": "端口",
        "portFormatNote": "端口字段不能为空，必须是 1 到 65535 之间的正整数。",
        "prefix": "前缀",
        "preparationError": "准备错误",
        "preparedToUpload": "准备上传",
        "preparingFiles": "准备文件",
        "previewCatalogDoesNotExistInfo": "预览目录不存在。 请先进入应用设置并选择正确的预览目录。",
        "previewChanges": "预览您的更改",
        "provideAccessData": "提供访问数据",
        "provideFTPPasswordFor": "请提供 FTP 密码",
        "provideFTPPasswordForServer": "请提供以下服务器的 FTP 密码：",
        "region": "地区",
        "regionFieldCantBeEmpty": "区域选择不能为空",
        "remotePath": "远程路径",
        "remotePathMatchServerOrRootPathNote": "路径应与您的服务器路径匹配，例如 public_html/、public_html/blog/ 或根路径，例如 /home/username/public_html/。",
        "remotePathMatchServerRootPathNote": "路径应与您的服务器根路径匹配，例如 /public_html/, /public_html/blog/。",
        "repository": "存储库",
        "repositoryFieldCantBeEmpty": "存储库字段不能为空",
        "requireCertificateForConnection": "需要有效的连接证书",
        "requireFTPPassAlwaysOnSync": "每次同步网站时都需要 FTP 密码",
        "s3CompatibleStorage": "S3 兼容存储",
        "s3PrefixNote": "您的网站可能位于子目录中。 请避免在名称（即 <strong>/blog/</strong>）的开头使用斜杠前缀 - 因为它会创建一个具有空名称的附加目录。 正确的前缀示例：<strong>blog/</strong>。",
        "s3ProviderEndpoint": "S3 提供者端口",
        "s3ProviderEndpointNote": "当“使用自定义 S3 提供程序”设置为 true 时，自定义端口不能为空",
        "secretKey": "密钥（Key）",
        "secretKeyFieldCantBeEmpty": "密钥（Key）字段不能为空",
        "selectServerType": "选择服务器类型：",
        "serverFieldCantBeEmpty": "服务器字段不能为空。",
        "serverGitLabNote": "仅当您使用自己的 GitLab 实例时才更改此值。",
        "serverSettingsSaveErrorMsg": "由于安全密码存储软件的问题，Publii 无法保存设置。 重新启动应用程序并重试。 如果问题仍然存在，请通过社区论坛向我们的团队报告。",
        "serverSettingsSaveLinuxErrorMsg": "由于未安装安全密码存储软件，Publii 无法保存设置。 通过 https://github.com/atom/node-keytar/ 按照 Node Keytar 的安装说明进行操作，然后重试。 您的系统很可能缺少 libsecret-1-dev 和 gnome-keyring 软件包。",
        "serverSettingsSaveSuccessMsg": "服务器设置已成功保存。",
        "settings": "设置",
        "sftp": "SFTP",
        "sftpkeyNote": "请选择密钥（Key）文件",
        "sftpWithKey": "SFTP (带 Key)",
        "sftpWithPassword": "SFTP（带密码）",
        "siteFieldCantBeEmpty": "网站 ID 字段不能为空",
        "siteID": "网站 ID",
        "siteIsInSync": "网站已同步",
        "syncFTPNoPassowrdMsg": "如果没有密码，您的网站将无法同步。 请再试一次",
        "syncInProgress": "同步进行中",
        "syncInProgressMessage": "在同步过程中，您不能更改网站名称。",
        "syncYourWebsite": "同步您的网站",
        "tarArchive": "TAR 档案",
        "testConnection": "测试连接",
        "testConnectionNoPassowrdMsg": "没有密码就无法测试连接。 请再试一次",
        "token": "令牌（Token）",
        "tokenFieldCantBeEmpty": "令牌（Token）字段不能为空",
        "uploadingWebsite": "上传网站",
        "useCustomS3Provider": "使用自定义 S3 提供程序",
        "useCustomS3ProviderNote": "注意：AWS 是默认的 S3 提供商。 使用替代提供者时，您需要填写“S3 提供者端点”字段。",
        "useFtps": "使用带有 SSL/TLS 的 FTP",
        "useRelativeURLs": "使用相对网址",
        "username": "用户名",
        "usernameFieldCantBeEmpty": "用户名字段不能为空。",
        "usernameOrganization": "用户名/组织",
        "visitWebsite": "访问网站",
        "visitYourWebsite": "访问您的网站",
        "websiteFilesPreparedInfo": "您的网站文件已准备好。 使用<br>下方的“获取网站文件”按钮获取您的文件，以便手动部署它们。",
        "websiteLinkInvalidMsg": "对不起！ 网站网址似乎无效。",
        "websiteSynchronization": "网站同步",
        "websiteSynchronizationInfo": "与 Publii 生成的文件匹配的目标位置 <br>中已存在的任何重复文件或文件名都将被覆盖。",
        "websiteURL": "网站网址",
        "youHaventSelectedAnyThemeInfo": "您尚未选择任何主题。 请先进入设置并选择主题。",
        "yourJSONKey": "你的 JSON 密钥（Key）",
        "yourJSONKeyFieldCantBeEmpty": "JSON 密钥（Key）文件选择不能为空",
        "yourPrivateKey": "你的私钥（Key）",
        "yourWebsiteIsInSync": "您的网站现已同步",
        "zipArchive": "ZIP 档案"
    },
    "tag": {
        "addNewTag": "添加新标签",
        "addThisAsNewTag": "将此添加为新标签",
        "createFirstTag": "您还没有任何标签。 让我们创造第一个！",
        "editTag": "编辑标签",
        "filterOrSearchTags": "过滤或搜索标签...",
        "hideTag": "隐藏标签",
        "leaveBlankToUseDefaultTagPageURL": "留空以使用默认标签页 URL",
        "mainTag": "主要标签",
        "newTagHasBeenCreated": "新标签已创建",
        "noMainTagForPostMsg": "如果帖子有标签但未设置主标签，则默认使用按字母顺序排列的第一个标签。",
        "noSupportFoFeaturedImagesForTags": "您的主题不支持标签的特色图片。",
        "noTagsAvailable": "没有可用的标签",
        "noTagsMatchingYourCriteria": "没有符合您条件的标签。",
        "removeTagMessage": "你真的要删除选中的标签吗？",
        "removeTagSuccessMessage": "选定的标签已被删除",
        "saveAndPreviewNotAvailableDueToNoSupportForTagPagesInTheme": "保存并预览选项不可用，因为您的主题不支持标签页。",
        "selectTag": "选择标签",
        "selectTagPage": "选择标签页",
        "tag": "标签",
        "tagDataParsingErrorMessage": "解析 ID 的标签数据时出错：",
        "tagHasBeenEdited": "标签已被编辑",
        "tagIsNotAllowed": "这个标签是不允许的",
        "tagLink": "标签链接",
        "tagName": "标签名称：",
        "tagNameCannotBeEmptyErrorMessage": "标签名称不能为空，请输入标签名称。",
        "tagNameInUseErrorMessage": "提供的标签名称正在使用中。请尝试另一个标签名称。",
        "tagNameNotAllowedErrorMessage": "不允许选择的标签名称/标签别名（slug）。",
        "tagNameSimilarInUseErrorMessage": "提供的标签名称正在使用中；标签名称不区分大小写。请尝试其他标签名称。",
        "tagPage": "标签页",
        "tagsListLink": "标签列表链接",
        "tagStatusChangeSuccessMessage": "所选标签的状态已更改",
        "tagWillNotAppearInGgeneratedTagLists": "标签不会出现在任何生成的标签列表中，例如帖子或标签的页面。",
        "thisTagIsHidden": "此标签已隐藏",
        "toUseThisOptionEnableIndexingTagPages": "要使用此选项，请首先在 SEO 设置中启用标签页索引。"
    },
    "theme": {
        "addThemeSuccessMessage": "主题已成功添加。",
        "authorsPostsPerPage": "每页显示作者的帖子数：",
        "authorsPostsPerPageInfo": "如果您需要在页面上显示所有作者的帖子，请使用 -1 作为值。",
        "changeAppTheme": "更改应用程序主题",
        "customSettings": "自定义设置",
        "defaultPostTemplate": "默认帖子模板",
        "defaultTemplate": "默认模板",
        "deleteTheme": "默认主题",
        "dropYourThemeHere": "把你的主题放在这里",
        "excerptLength": "摘录长度：",
        "getMoreThemes": "获取更多主题",
        "goToThemesManager": "转到主题管理器",
        "installTheme": "安装主题",
        "leaveBlankToUseDefault": "留空以使用默认值",
        "postOptions": "发布选项",
        "postOptionsInfo": "帖子选项部分允许您为帖子中应包含哪些额外信息设置全局选项。 在此部分中所做的更改将影响您网站上的所有帖子，但如有必要，您也可以在每个帖子的帖子编辑屏幕上覆盖应用程序设置。",
        "postsPerPage": "每页显示帖子数：",
        "postsPerPageInfo": "如果您需要在页面上显示所有帖子，请使用 -1 作为值。",
        "removeThemeMessage": "您真的要删除 {themeName} 主题吗？",
        "removeThemeSuccessMessage": "主题已成功删除。",
        "resetThemeSettings": "重置主题设置",
        "saveSettingsSuccessMessage": "主题设置已成功保存。",
        "selectTheme": "选择主题",
        "settingsResetMessage": "您真的要重置主题设置吗？",
        "settingsResetSuccessMessage": "主题设置已重置。",
        "tagsPostsPerPage": "每页显示标签帖子数：",
        "tagsPostsPerPageInfo": "如果您需要在页面上显示所有标签帖子，请使用 -1 作为值。",
        "themes": "主题",
        "themeSettings": "主题设置",
        "translations": "翻译",
        "translationsInfo": "如果您需要将主题短语翻译成英语以外的语言 - 请查看我们的 <a href=\"https://getpublii.com/dev/translations-api/\" target=\"_blank\" rel= 的文档 \"noopener noreferrer\">翻译 API</a><br><br>",
        "updateThemeSuccessMessage": "主题已成功更新。",
        "uploadThemeErrorMessage": "上传的文件不正确。 请上传主题目录或主题 ZIP 文件。",
        "websiteLogo": "网站徽标（LOGO）:"
    },
    "tools": {
        "css": {
            "customCSS": "自定义 CSS",
            "customCSSSaveSuccessMsg": "自定义 CSS 已成功保存。",
            "normal": "默认值",
            "putCustomCSSAMPComment": "将您的自定义 CSS 代码放在这里（它将仅在 AMP 模式下使用）",
            "putCustomCSSComment": "将您的自定义 CSS 代码放在这里"
        },
        "customHTML": "自定义 HTML",
        "find": "查找：",
        "findAndReplace": "查找和替换：",
        "findAndReplaceShortcut": "Ctrl + Alt + F",
        "findAndReplaceShortcutMac": "Cmd + Alt + F",
        "findShortcut": "Ctrl + F",
        "findShortcutMac": "Cmd + F",
        "goToTools": "转到工具",
        "logFileEmpty": "日志文件为空...",
        "logViewer": "日志查看器",
        "pluginActivationError": "无法激活插件 - 请重试",
        "pluginDeactivationError": "无法停用插件 - 请重试",
        "selectFileToLoad": "选择要加载的文件",
        "thumbnails": {
            "listRegeneratedFiles": "重新生成的文件列表：",
            "processingRegenerateThumbanilsInfo": "点击重新生成缩略图按钮将开始生成新主题定义的新图像大小。",
            "progress": "进展：",
            "regenerateThumbnails": "重新生成缩略图",
            "regenerateThumbnailsInfo": "如果您更改了主题或对响应式图像有疑问，您可以使用下面的按钮重新生成它们。 如果您的网站有很多图片，这可能需要一段时间，所以请耐心等待。",
            "regenerateThumbnailsNotNecessaryInfo": "目前您没有为该网站选择新的主题。 不需要重新生成缩略图。",
            "regeneratingThumbnails": "重新生成缩略图...",
            "skipRegeneration": "跳过",
            "themeOrThumbnailsSettingsChanged": "您的主题或缩略图设置已更改。",
            "thumbnailsCreated": "所有缩略图都已创建。",
            "thumbnailsRegenerationCancelled": "重新生成缩略图已取消。"
        },
        "wpImport": {
            "addTagsToContentAutomaticallty": "自动将 <p> 和 <br> 标签添加到帖子内容",
            "categories": "类别",
            "checkingWXRFile": "检查选定的 WXR 文件",
            "contentFormatting": "内容格式：",
            "duringWXRAnalyzeWeHaveFound": "在 WXR 分析中，我们发现",
            "importAuthors": "导入作者",
            "importData": "导入数据",
            "importingData": "导入数据",
            "importNote": "帖子将以与所见即所得编辑器兼容的格式导入。",
            "importSelectedTypesOfPosts": "导入选定的帖子类型：",
            "pages": "页面",
            "postAuthors": "帖子作者",
            "selectWXRFileLabel": "请选择 WXR 文件：",
            "selectWXRFilePlaceholder": "选择要导入的 WXR 文件",
            "usedTaxonomyForPosts": "帖子使用的分类法：",
            "useMainAuthor": "使用 Publii 的主要作者",
            "wpImporter": "WP Importer（wordpress）",
            "wpImportGoToRegenerateMsg": "您的 WordPress 数据已导入。 如果您已经选择了主题，则可能需要重新生成缩略图。"
        }
    },
    "toolsPlugin": {
        "pluginSettingsLoadError": "加载插件设置时出错",
        "pluginSettingsSaveSuccess": "插件设置保存成功",
        "pluginSettingsSaveError": "保存插件设置时出错",
        "tabsLabel": "插件设置",
        "thisPluginHasNoOptions": "这个插件没有额外的选项..."
    },
    "ui": {
        "aboutPublii": "关于 Publii",
        "alternativeText": "替代文字",
        "AMP": "AMP",
        "appConfiguration": "应用程序配置",
        "applyChanges": "应用更改",
        "authors": "作者",
        "backToTools": "返回工具",
        "backToPosts": "帖子",
        "basicInformation": "基本信息",
        "beautifyCode": "美化代码",
        "cancel": "取消",
        "cancelPostWarningMsg": "您将丢失所有未保存的更改 - 您要继续吗？",
        "canonicalURL": "规范网址",
        "caption": "Caption",
        "checkDocumentation": "检查 Publii 文档",
        "close": "关闭",
        "copyToClipboard": "复制到剪贴板",
        "credits": "信用",
        "customLink": "自定义链接",
        "customTemplate": "自定义模板",
        "delete": "删除",
        "description": "描述",
        "donate": "捐赠",
        "edit": "编辑",
        "featuredImage": "特色图片",
        "fillAllRequiredFields": "请填写所有必填字段",
        "frontpageLink": "首页链接",
        "githubRepository": "Github 仓库",
        "goBack": "返回",
        "goToPluginCustomOptions": "隐藏其他选项",
        "goToPluginStandardOptions": "显示其他选项",
        "help": "帮助",
        "hide": "隐藏",
        "hideThisNotification": "隐藏此通知",
        "id": "ID",
        "ifCanonicalURLIsSetMmetaRobotsTagiInored": "如果启用了规范 URL，则元机器人标记将被忽略。",
        "indexFollow": "index, follow",
        "indexNofollow": "index, nofollow",
        "iUnderstand": "好的，我明白了",
        "lastModified": "最后修改",
        "leaveBlankToUseDefaultPageTitle": "留空以使用默认页面标题",
        "linkTarget": "链接目标",
        "loading": "正在加载...",
        "menus": "菜单",
        "metaDescription": "元描述",
        "metaRobotsIndex": "元机器人索引",
        "minimize": "最小化",
        "more": "更多",
        "moreInformationOnPublii": "更多关于 Publii 的信息",
        "moreItems": "更多项目",
        "name": "名称",
        "newWindow": "新窗口",
        "noindexFollow": "noindex, follow",
        "noindexNofollow": "noindex, nofollow",
        "none": "无",
        "notAvailableInYourTheme": "在您的主题中不可用",
        "notSet": "没有设置",
        "of": "属于",
        "ok": "确认",
        "otherOptions": "其他选项",
        "pages": "页面",
        "pageTitle": "页面标题",
        "pleaseFillAllRequiredFields": "请填写所有必填字段",
        "posts": "帖子",
        "preview": "预览",
        "previewFrontPageOnly": "仅预览首页",
        "previewFullWebsite": "预览完整的网站",
        "publiiOnGithub": "在 Github 上查看 Publii",
        "publishAndClose": "发布并关闭",
        "publishPost": "发布帖子",
        "renderFrontPageOnly": "仅渲染首页",
        "renderFullWebsite": "渲染完整的网站",
        "reportBugInSupportdesk": "通过我们支持的平台报告错误",
        "reportIssue": "报告问题",
        "sameWindow": "同一个窗口",
        "save": "保存",
        "saveAndClose": "保存并关闭",
        "saveAndPreview": "保存并预览",
        "saveAndRender": "保存并渲染",
        "saveAsDraft": "保存为草稿",
        "saveChanges": "保存更改",
        "saveDraft": "保存草稿",
        "saveDraftAndClose": "保存草稿并关闭",
        "search": "搜索...",
        "selectOption": "选择选项",
        "selectWebsite": "选择一个网站",
        "seo": "SEO",
        "server": "服务器",
        "show": "显示",
        "slug": "别名（Slug）",
        "supportPublii": "支持 Publii 并立即捐款！",
        "tags": "标签",
        "theme": "主题",
        "tools": "工具和插件",
        "unhide": "相似",
        "uploadInProgress": "正在上传..."
    }
}