{
    "Action": "行动",
    "Activity": "活动",
    "Address": "地址",
    "Advanced": "高级",
    "Align": "对齐",
    "Align center": "居中对齐",
    "Align left": "左对齐",
    "Align right": "右对齐",
    "Alignment": "对齐",
    "All": "全部",
    "Alternative source": "替代来源",
    "Alternative source URL": "替代来源网址",
    "Anchor": "锚点",
    "Anchor...": "锚点...",
    "Anchors": "锚点",
    "Animals and Nature": "自然与动物",
    "Arrows": "箭头",
    "B": "B",
    "Background color": "背景颜色",
    "Black": "黑色",
    "Block": "块",
    "Blockquote": "块引用",
    "Blue": "蓝色",
    "Body": "主体",
    "Bold": "粗体",
    "Border": "描边",
    "Border color": "描边颜色",
    "Border style": "描边样式",
    "Border width": "描边宽度",
    "Bottom": "底部",
    "Browse for an image": "浏览图片",
    "Bullet list": "符号列表",
    "Cancel": "取消",
    "Capitalization": "大写",
    "Caption": "标题",
    "Cell": "单元格",
    "Cell padding": "单元格内边距",
    "Cell properties": "单元格属性",
    "Cell spacing": "单元格间距",
    "Cell type": "单元格类型",
    "Center": "中心",
    "Characters": "字符",
    "Characters (no spaces)": "字符（无空格）",
    "Circle": "圆圈",
    "Class": "类",
    "Clear formatting": "清除格式",
    "Close": "关闭",
    "Code": "代码",
    "Code sample": "代码示例",
    "Color": "颜色",
    "Color Picker": "选色器",
    "Color swatch": "色板",
    "Cols": "列数",
    "Column": "列",
    "Column group": "列组",
    "Constrain proportions": "约束比例",
    "Copy": "拷贝",
    "Copy row": "拷贝行",
    "Could not find the specified string.": "找不到指定的字符串。",
    "Could not load emoticons": "无法加载表情",
    "Count": "计数",
    "Currency": "货币",
    "Current window": "当前窗口",
    "Custom color": "自定义颜色",
    "Custom...": "自定义...",
    "Cut": "剪切",
    "Cut row": "剪切行",
    "Dark Blue": "深蓝色",
    "Dark Gray": "深灰色",
    "Dark Green": "深绿色",
    "Dark Orange": "深橙色",
    "Dark Purple": "深紫色",
    "Dark Red": "深红色",
    "Dark Turquoise": "深青绿色",
    "Dark Yellow": "深黄色",
    "Date/time": "日期/时间",
    "Decrease indent": "减少缩进",
    "Default": "默认",
    "Delete column": "删除列",
    "Delete row": "删除行",
    "Delete table": "删除表格",
    "Dimensions": "尺寸",
    "Disc": "圆点",
    "Div": "层",
    "Document": "文档",
    "Document properties": "文档属性",
    "Drop an image here": "在这里放一张图片",
    "Edit": "编辑",
    "Edit image": "编辑图像",
    "Embed": "嵌入",
    "Emoticons": "表情符号",
    "Emoticons...": "表情符号...",
    "Error": "错误",
    "Extended Latin": "扩展拉丁字符",
    "Failed to upload image: {0}": "图片上传失败：{0}",
    "Find": "查找",
    "Find and replace": "查找和替换",
    "Find and replace...": "查找和替换...",
    "Find whole words only": "仅查找整个单词",
    "Finish": "完成",
    "Flags": "标记",
    "Font": "字体",
    "Font Sizes": "字体大小",
    "Fonts": "字体",
    "Food and Drink": "食物和饮料",
    "Footer": "底部",
    "Format": "格式",
    "Format Painter": "格式刷",
    "Formats": "格式",
    "Fullscreen": "全屏",
    "G": "G",
    "General": "一般",
    "Gray": "灰色",
    "Green": "绿色",
    "H Align": "水平对齐",
    "Header": "标题",
    "Header 1": "标题 H1",
    "Header 2": "标题 H2",
    "Header 3": "标题 H3",
    "Header 4": "标题 H4",
    "Header 5": "标题 H5",
    "Header 6": "标题 H6",
    "Header cell": "标题单元格",
    "Headers": "标题",
    "Heading 1": "标题 H1",
    "Heading 2": "标题 H2",
    "Heading 3": "标题 H3",
    "Heading 4": "标题 H4",
    "Heading 5": "标题 H5",
    "Heading 6": "标题 H6",
    "Headings": "标题",
    "Height": "高",
    "Help": "帮助",
    "Horizontal line": "水平线",
    "Horizontal space": "水平空间",
    "Id": "ID",
    "Id should start with a letter, followed only by letters, numbers, dashes, dots, colons or underscores.": "ID 应以字母开头，后跟字母、数字、破折号、点、冒号或下划线。",
    "Ignore": "忽略",
    "Ignore all": "忽略所有",
    "Image": "图像",
    "Image description": "图像描述",
    "Image list": "图像列表",
    "Image options": "图像选项",
    "Image title": "图像标题",
    "Image...": "图像...",
    "Increase indent": "增加缩进",
    "Inline": "内联",
    "Insert": "插入",
    "Insert column after": "插入列之后",
    "Insert column before": "插入列之前",
    "Insert date/time": "插入日期/时间",
    "Insert image": "插入图像",
    "Insert link": "插入链接",
    "Insert row after": "插入行之后",
    "Insert row before": "插入行之前",
    "Insert table": "插入表格",
    "Insert video": "插入视频",
    "Insert/Edit Link": "插入/编辑 链接",
    "Insert/edit iframe": "插入/编辑 iframe",
    "Insert/edit image": "插入/编辑 图像",
    "Insert/edit link": "插入/编辑 链接",
    "Insert/edit media": "插入/编辑 媒体",
    "Insert/edit video": "插入/编辑 视频",
    "Italic": "斜体",
    "Justify": "证明",
    "Keyboard Navigation": "键盘导航",
    "Language": "语言",
    "Left": "从",
    "Left to right": "从左到右",
    "Light Blue": "淡蓝色",
    "Light Gray": "淡灰色",
    "Light Green": "淡绿色",
    "Light Purple": "淡紫色",
    "Light Red": "淡红色",
    "Light Yellow": "淡黄色",
    "Link": "链接",
    "Link list": "列表",
    "Link...": "链接...",
    "Loading emoticons...": "加载表情...",
    "Lower Alpha": "小写希腊字母",
    "Lower Greek": "大写罗马数字",
    "Lower Roman": "小写罗马数字",
    "Match case": "区分大小写",
    "Mathematical": "精确",
    "Media": "媒体",
    "Media poster (Image URL)": "媒体海报（图片网址）",
    "Media...": "媒体...",
    "Medium Blue": "间蓝色",
    "Medium Gray": "间灰色",
    "Medium Purple": "间紫色",
    "Merge cells": "合并单元格",
    "Middle": "中间",
    "Midnight Blue": "深蓝色",
    "More...": "更多...",
    "Name": "名称",
    "Navy Blue": "海军蓝",
    "New window": "新窗口",
    "Next": "下一页",
    "No": "不",
    "No color": "无颜色",
    "Nonbreaking space": "无空格",
    "None": "无",
    "Numbered list": "字符列表",
    "OR": "或",
    "Objects": "对象",
    "Ok": "确认",
    "Open help dialog": "打开帮助对话框",
    "Open link in...": "打开链接...",
    "Orange": "橙色",
    "Page break": "分页符",
    "Paragraph": "段落",
    "Paste": "粘贴",
    "Paste as text": "粘贴为文本",
    "Paste or type a link": "粘贴或键入链接",
    "Paste row after": "粘贴行之后",
    "Paste row before": "粘贴行之前",
    "Paste your embed code below:": "在下面粘贴您的嵌入代码：",
    "People": "人们",
    "Permanent Pen Properties": "马克笔属性",
    "Permanent pen properties...": "马克笔属性...",
    "Poster": "海报",
    "Powered by {0}": "由 {0} 提供支持",
    "Pre": "预格式化",
    "Preferences": "首选项",
    "Preformatted": "预格式化",
    "Prev": "上一页",
    "Preview": "预览",
    "Previous": "预览",
    "Print": "打印",
    "Print...": "打印...",
    "Purple": "紫色",
    "Quotations": "引用",
    "R": "R",
    "Red": "红色",
    "Redo": "重做",
    "Remove color": "删除颜色",
    "Remove link": "删除链接",
    "Replace": "替换",
    "Replace all": "替换所有",
    "Replace with": "替换为",
    "Restore last draft": "恢复最后的草稿",
    "Rich Text Area. Press ALT-0 for help.": "富文本区域。 按 ALT-0 寻求帮助。",
    "Rich Text Area. Press ALT-F9 for menu. Press ALT-F10 for toolbar. Press ALT-0 for help": "富文本区域。 按 ALT-F9 进入菜单。 按 ALT-F10 进入工具栏。 按 ALT-0 寻求帮助",
    "Right": "右",
    "Right to left": "右到左",
    "Row": "行",
    "Row group": "行组",
    "Row properties": "行属性",
    "Row type": "行类型",
    "Rows": "行",
    "Save": "保存",
    "Scope": "范围",
    "Search": "搜索",
    "Select all": "选择所以",
    "Select...": "选择...",
    "Selection": "选择",
    "Shortcut": "快捷方式",
    "Show caption": "显示标题",
    "Show invisible characters": "显示不可见字符",
    "Size": "大小",
    "Source": "来源",
    "Source code": "源代码",
    "Special character": "特殊字符",
    "Special character...": "特殊字符...",
    "Spellcheck": "拼写检查",
    "Split cell": "拆分单元格",
    "Square": "正方形",
    "Strikethrough": "删除线",
    "Style": "样式",
    "Subscript": "下标",
    "Superscript": "上标",
    "Switch to or from fullscreen mode": "切换到全屏模式或从全屏模式切换",
    "Symbols": "符号",
    "System Font": "系统字体",
    "Table": "表格",
    "Table of Contents": "表格目录",
    "Table properties": "表格属性",
    "Target": "目标",
    "Text": "文本",
    "Text color": "文本颜色",
    "Text to display": "要显示的文本",
    "The URL you entered seems to be an email address. Do you want to add the required mailto: prefix?": "您输入的 URL 似乎是电子邮件地址。 是否要添加所需的 mailto: 前缀？",
    "The URL you entered seems to be an external link. Do you want to add the required http:// prefix?": "您输入的 URL 似乎是外部链接。 是否要添加所需的 http:// 前缀？",
    "Title Case": "标题首字母大写",
    "To open the popup, press Shift+Enter": "要打开弹出窗口，请按 Shift+Enter",
    "Tools": "工具",
    "Top": "顶部",
    "Travel and Places": "旅行和地点",
    "Turquoise": "蓝绿色",
    "UPPERCASE": "大写字母",
    "Underline": "下划线",
    "Undo": "撤销",
    "Update": "更新",
    "Upload": "上传",
    "Upper Alpha": "大写 α",
    "Upper Roman": "大写罗马数字",
    "Url": "网址",
    "User Defined": "用户自定义",
    "V Align": "垂直对齐",
    "Valid": "有效的",
    "Version": "版本",
    "Vertical space": "垂直空间",
    "View": "阅读",
    "Warn": "警告",
    "White": "白色",
    "Whole words": "整个单词",
    "Width": "宽度",
    "Word count": "字数",
    "Words": "字数",
    "Words: {0}": "字数: {0}",
    "Yellow": "黄色",
    "Yes": "是",
    "You have unsaved changes are you sure you want to navigate away?": "您有未保存的更改确定要离开吗？",
    "alignment": "对齐",
    "comments": "注释",
    "example": "示例",
    "formatting": "格式化",
    "history": "历史",
    "indentation": "缩进",
    "lowercase": "小写",
    "permanent pen": "马克笔",
    "styles": "样式",
    "{0} characters": "{0} 字符",
    "{0} words": "{0} 字数"
}
